[{
  "_id": {
    "$oid": "6245437dfa9ad4199cbfa687"
  },
  "title": "Umidigi A5 Pro - 6.3 inches FHD - 4GB RAM - 32GB ROM - 4150 mAh Battery",
  "price": 125,
  "description": "Umidigi A5 Pro - 6.3 inches FHD - 4GB RAM - 32GB ROM - 4150 mAh Battery",
  "image": "/files/1648706429433_239655.jpeg",
  "stock": 123,
  "category": {
    "_id": "624530e0fa9ad4199cbfa67e",
    "name": "Watches & Accessories"
  },
  "__v": 0
},{
  "_id": {
    "$oid": "62454472fa9ad4199cbfa688"
  },
  "title": "OUKITEL C21 4GB+64GB 4000mAh Front 20MP + Back 16MP Quad Camera",
  "price": 129,
  "description": "OUKITEL C21 4GB+64GB 4000mAh Front 20MP + Back 16MP Quad Camera",
  "image": "/files/1648706674177_200372.jpeg",
  "stock": 129,
  "category": {
    "_id": "624530e0fa9ad4199cbfa67e",
    "name": "Watches & Accessories"
  },
  "__v": 0
},{
  "_id": {
    "$oid": "624544f4fa9ad4199cbfa689"
  },
  "title": "New Style Magnetic Cable 3A Fast Charging Micro USB Cable Type C Magnet Charger C",
  "price": 25,
  "description": "New Style Magnetic Cable 3A Fast Charging Micro USB Cable Type C Magnet Charger C",
  "image": "/files/1648706804113_326568.jpeg",
  "stock": 139,
  "category": {
    "_id": "624530e0fa9ad4199cbfa67e",
    "name": "Watches & Accessories"
  },
  "__v": 0
},{
  "_id": {
    "$oid": "624545a7fa9ad4199cbfa68a"
  },
  "title": "Huawei MatePad T10S (WIFI ) - 2GB RAM/ 32GB ROM",
  "price": 100,
  "description": "Huawei MatePad T10S (WIFI ) - 2GB RAM/ 32GB ROM",
  "image": "/files/1648706983607_316454.jpeg",
  "stock": 110,
  "category": {
    "_id": "624530e0fa9ad4199cbfa67e",
    "name": "Watches & Accessories"
  },
  "__v": 0
},{
  "_id": {
    "$oid": "62454626fa9ad4199cbfa68b"
  },
  "title": "Huawei MatePad T10 (4G/LTE) - 2GB RAM/ 16GB ROM",
  "price": 120,
  "description": "Huawei MatePad T10 (4G/LTE) - 2GB RAM/ 16GB ROM",
  "image": "/files/1648707110222_355952.jpeg",
  "stock": 110,
  "category": {
    "_id": "624530e0fa9ad4199cbfa67e",
    "name": "Watches & Accessories"
  },
  "__v": 0
},{
  "_id": {
    "$oid": "62454832fa9ad4199cbfa68c"
  },
  "title": "Huawei Matebook D15 15.6 Inch 11th Gen Intel Core i5-1135G7 8 GB LPDDR4 512 GB NVMe PCle SSD Intel Iris Xe Graphics.",
  "price": 450,
  "description": "Huawei Matebook D15 15.6 Inch 11th Gen Intel Core i5-1135G7 8 GB LPDDR4 512 GB NVMe PCle SSD Intel Iris Xe Graphics.",
  "image": "/files/1648707634229_336736.jpeg",
  "stock": 120,
  "category": {
    "_id": "624530e0fa9ad4199cbfa67e",
    "name": "Watches & Accessories"
  },
  "__v": 0
},{
  "_id": {
    "$oid": "624548b9fa9ad4199cbfa68d"
  },
  "title": "Redmi Book Pro 14 R5 5500U 16GB DDR4 512GB FHD + 2560 x 1600 Wi-Fi 6 - Grey",
  "price": 430,
  "description": "Redmi Book Pro 14 R5 5500U 16GB DDR4 512GB FHD + 2560 x 1600 Wi-Fi 6 - Grey",
  "image": "/files/1648707769704_328995.jpeg",
  "stock": 134,
  "category": {
    "_id": "624530e0fa9ad4199cbfa67e",
    "name": "Watches & Accessories"
  },
  "__v": 0
},{
  "_id": {
    "$oid": "6245495bfa9ad4199cbfa68e"
  },
  "title": "Office Home And Gaming pc i3 2nd gen processor 4gb ram 320 gb Hhd and 120gb Ssd 2gb Build Grapich Full Ready Dekstop Very Low Price",
  "price": 510,
  "description": "Office Home And Gaming pc i3 2nd gen processor 4gb ram 320 gb Hhd and 120gb Ssd 2gb Build Grapich Full Ready Dekstop Very Low Price",
  "image": "/files/1648707931575_280492.jpeg",
  "stock": 134,
  "category": {
    "_id": "624530e0fa9ad4199cbfa67e",
    "name": "Watches & Accessories"
  },
  "__v": 0
},{
  "_id": {
    "$oid": "624549b9fa9ad4199cbfa68f"
  },
  "title": "Intel Core i5 CPU RAM 8GB HDD 500GB Graphics 2GB Built in PC Windows 10 64 bit NEW Desktop Computer 2022",
  "price": 530,
  "description": "Intel Core i5 CPU RAM 8GB HDD 500GB Graphics 2GB Built in PC Windows 10 64 bit NEW Desktop Computer 2022",
  "image": "/files/1648708025305_451686.jpeg",
  "stock": 135,
  "category": {
    "_id": "624530e0fa9ad4199cbfa67e",
    "name": "Watches & Accessories"
  },
  "__v": 0
},{
  "_id": {
    "$oid": "62454a43fa9ad4199cbfa690"
  },
  "title": "Intel Core i7 RAM 8GB HDD 1000GB Graphics 4GB Built in Desktop",
  "price": 630,
  "description": "Intel Core i7 RAM 8GB HDD 1000GB Graphics 4GB Built in Desktop",
  "image": "/files/1648708163681_240054.jpeg",
  "stock": 135,
  "category": {
    "_id": "624530e0fa9ad4199cbfa67e",
    "name": "Watches & Accessories"
  },
  "__v": 0
},{
  "_id": {
    "$oid": "62454bcbfa9ad4199cbfa691"
  },
  "title": "Anti-Air LED Digital Sports Watch, Water Resistance LED Reist Watch",
  "price": 25,
  "description": "Anti-Air LED Digital Sports Watch, Water Resistance LED Reist Watch",
  "image": "/files/1648708555535_325461.jpeg",
  "stock": 136,
  "category": {
    "_id": "624530e0fa9ad4199cbfa67e",
    "name": "Watches & Accessories"
  },
  "__v": 0
},{
  "_id": {
    "$oid": "62454c5efa9ad4199cbfa692"
  },
  "title": "Waterproof Silicone Touch Led Sports Watch",
  "price": 26,
  "description": "Waterproof Silicone Touch Led Sports Watch",
  "image": "/files/1648708702857_499258.jpeg",
  "stock": 137,
  "category": {
    "_id": "624530e0fa9ad4199cbfa67e",
    "name": "Watches & Accessories"
  },
  "__v": 0
},{
  "_id": {
    "$oid": "62454cfefa9ad4199cbfa693"
  },
  "title": "Fashonable watch for Men",
  "price": 27,
  "description": "Fashonable watch for Men",
  "image": "/files/1648708862538_271731.jpeg",
  "stock": 138,
  "category": {
    "_id": "624530e0fa9ad4199cbfa67e",
    "name": "Watches & Accessories"
  },
  "__v": 0
},{
  "_id": {
    "$oid": "62454d77fa9ad4199cbfa694"
  },
  "title": "15 Pieces/set Crystal Flower Leaves Hollow Lotus Gem Ring Set",
  "price": 28,
  "description": "15 Pieces/set Crystal Flower Leaves Hollow Lotus Gem Ring Set",
  "image": "/files/1648708983189_283362.jpeg",
  "stock": 128,
  "category": {
    "_id": "624530e0fa9ad4199cbfa67e",
    "name": "Watches & Accessories"
  },
  "__v": 0
},{
  "_id": {
    "$oid": "62454dd4fa9ad4199cbfa695"
  },
  "title": "alloy Rose Butterfly Payel Anklet Foot Chain Bracelet",
  "price": 29,
  "description": "alloy Rose Butterfly Payel Anklet Foot Chain Bracelet",
  "image": "/files/1648709076172_277421.jpeg",
  "stock": 136,
  "category": {
    "_id": "624530e0fa9ad4199cbfa67e",
    "name": "Watches & Accessories"
  },
  "__v": 0
},{
  "_id": {
    "$oid": "62454e4afa9ad4199cbfa696"
  },
  "title": "High quality Artificial Leather belt for men",
  "price": 22,
  "description": "High quality Artificial Leather belt for men",
  "image": "/files/1648709194563_370805.jpeg",
  "stock": 125,
  "category": {
    "_id": "624530e0fa9ad4199cbfa67e",
    "name": "Watches & Accessories"
  },
  "__v": 0
},{
  "_id": {
    "$oid": "62454ecafa9ad4199cbfa697"
  },
  "title": "Black & Chocolate Belt Combo For Men",
  "price": 29,
  "description": "Black & Chocolate Belt Combo For Men",
  "image": "/files/1648709322475_413147.jpeg",
  "stock": 125,
  "category": {
    "_id": "624530e0fa9ad4199cbfa67e",
    "name": "Watches & Accessories"
  },
  "__v": 0
},{
  "_id": {
    "$oid": "62454f38fa9ad4199cbfa698"
  },
  "title": "Bogesi Black Artificial leather wallet for men",
  "price": 35,
  "description": "Bogesi Black Artificial leather wallet for men",
  "image": "/files/1648709432447_211972.jpeg",
  "stock": 125,
  "category": {
    "_id": "624530e0fa9ad4199cbfa67e",
    "name": "Watches & Accessories"
  },
  "__v": 0
},{
  "_id": {
    "$oid": "62454f9efa9ad4199cbfa699"
  },
  "title": "Black Lens White Frame Casual Sunglasses for Men",
  "price": 33,
  "description": "Black Lens White Frame Casual Sunglasses for Men",
  "image": "/files/1648709534640_216598.jpeg",
  "stock": 125,
  "category": {
    "_id": "624530e0fa9ad4199cbfa67e",
    "name": "Watches & Accessories"
  },
  "__v": 0
},{
  "_id": {
    "$oid": "62454ffbfa9ad4199cbfa69a"
  },
  "title": "Night Vision Bike/Car/Cycling Glasses",
  "price": 36,
  "description": "Night Vision Bike/Car/Cycling Glasses",
  "image": "/files/1648709627049_316431.jpeg",
  "stock": 125,
  "category": {
    "_id": "624530e0fa9ad4199cbfa67e",
    "name": "Watches & Accessories"
  },
  "__v": 0
},{
  "_id": {
    "$oid": "62455064fa9ad4199cbfa69b"
  },
  "title": "Washable Adjustable Reusable CLOTH Diaper Pant For Baby (2-18 kg) With 2 pad",
  "price": 8,
  "description": "Washable Adjustable Reusable CLOTH Diaper Pant For Baby (2-18 kg) With 2 pad",
  "image": "/files/1648709732663_441071.jpeg",
  "stock": 125,
  "category": {
    "_id": "624531fdfa9ad4199cbfa680",
    "name": "Babies & Toyes"
  },
  "__v": 0
},{
  "_id": {
    "$oid": "624550effa9ad4199cbfa69c"
  },
  "title": "Silicone Baby Finger Tooth Brush with Box",
  "price": 5,
  "description": "Silicone Baby Finger Tooth Brush with Box",
  "image": "/files/1648709871804_444941.jpeg",
  "stock": 125,
  "category": {
    "_id": "624531fdfa9ad4199cbfa680",
    "name": "Babies & Toyes"
  },
  "__v": 0
},{
  "_id": {
    "$oid": "62455158fa9ad4199cbfa69d"
  },
  "title": "Nestle LACTOGEN 3 Toddler 12-24 Months Follow-up formula Milk Powder - 350g",
  "price": 6,
  "description": "Nestle LACTOGEN 3 Toddler 12-24 Months Follow-up formula Milk Powder - 350g",
  "image": "/files/1648709976419_292629.jpeg",
  "stock": 145,
  "category": {
    "_id": "624531fdfa9ad4199cbfa680",
    "name": "Babies & Toyes"
  },
  "__v": 0
},{
  "_id": {
    "$oid": "624551b4fa9ad4199cbfa69e"
  },
  "title": "Nestle NIDO 3+ Growing Up Milk Powder from 3 to 5 years 350g Box",
  "price": 6,
  "description": "Nestle NIDO 3+ Growing Up Milk Powder from 3 to 5 years 350g Box",
  "image": "/files/1648710068936_234951.jpeg",
  "stock": 125,
  "category": {
    "_id": "624531fdfa9ad4199cbfa680",
    "name": "Babies & Toyes"
  },
  "__v": 0
},{
  "_id": {
    "$oid": "6245521bfa9ad4199cbfa69f"
  },
  "title": "Baby Walkers With Musical Cum Rocker",
  "price": 45,
  "description": "Baby Walkers With Musical Cum Rocker",
  "image": "/files/1648710171171_441016.jpeg",
  "stock": 125,
  "category": {
    "_id": "624531fdfa9ad4199cbfa680",
    "name": "Babies & Toyes"
  },
  "__v": 0
},{
  "_id": {
    "$oid": "62455279fa9ad4199cbfa6a0"
  },
  "title": "Baby bouncer Foldable Soft Newborn Baby Bouncing Chair Seat Safety Balanced Rocking chear",
  "price": 12,
  "description": "Baby bouncer Foldable Soft Newborn Baby Bouncing Chair Seat Safety Balanced Rocking chear",
  "image": "/files/1648710265169_328177.jpeg",
  "stock": 226,
  "category": {
    "_id": "624531fdfa9ad4199cbfa680",
    "name": "Babies & Toyes"
  },
  "__v": 0
},{
  "_id": {
    "$oid": "624552e2fa9ad4199cbfa6a1"
  },
  "title": "Remote Control Mini RC Infrared Induction Helicopter",
  "price": 15,
  "description": "Remote Control Mini RC Infrared Induction Helicopter",
  "image": "/files/1648710370701_310650.jpeg",
  "stock": 296,
  "category": {
    "_id": "624531fdfa9ad4199cbfa680",
    "name": "Babies & Toyes"
  },
  "__v": 0
},{
  "_id": {
    "$oid": "6245533bfa9ad4199cbfa6a2"
  },
  "title": "Multi Color Rubik’s Cube - 3X4",
  "price": 15,
  "description": "Multi Color Rubik’s Cube - 3X4",
  "image": "/files/1648710459261_379696.jpeg",
  "stock": 296,
  "category": {
    "_id": "624531fdfa9ad4199cbfa680",
    "name": "Babies & Toyes"
  },
  "__v": 0
},{
  "_id": {
    "$oid": "624553b5fa9ad4199cbfa6a3"
  },
  "title": "FUTURE CAR TOY for BABY",
  "price": 8,
  "description": "FUTURE CAR TOY for BABY",
  "image": "/files/1648710581672_424217.jpeg",
  "stock": 236,
  "category": {
    "_id": "624531fdfa9ad4199cbfa680",
    "name": "Babies & Toyes"
  },
  "__v": 0
},{
  "_id": {
    "$oid": "62455415fa9ad4199cbfa6a4"
  },
  "title": "Tent Play House Toy With 50 Ball Set for Kids- Multicolor",
  "price": 18,
  "description": "Tent Play House Toy With 50 Ball Set for Kids- Multicolor",
  "image": "/files/1648710677902_303536.jpeg",
  "stock": 236,
  "category": {
    "_id": "624531fdfa9ad4199cbfa680",
    "name": "Babies & Toyes"
  },
  "__v": 0
},{
  "_id": {
    "$oid": "62455497fa9ad4199cbfa6a5"
  },
  "title": "Bolt Glucose Powder - 200gm Box",
  "price": 1,
  "description": "Bolt Glucose Powder - 200gm Box",
  "image": "/files/1648710807643_201503.jpeg",
  "stock": 256,
  "category": {
    "_id": "6245321efa9ad4199cbfa681",
    "name": "Groceries & Pets"
  },
  "__v": 0
},{
  "_id": {
    "$oid": "624554fcfa9ad4199cbfa6a6"
  },
  "title": "Pran Full Cream Milk Powder - 1000gm",
  "price": 6,
  "description": "Pran Full Cream Milk Powder - 1000gm",
  "image": "/files/1648710908692_475184.jpeg",
  "stock": 256,
  "category": {
    "_id": "6245321efa9ad4199cbfa681",
    "name": "Groceries & Pets"
  },
  "__v": 0
},{
  "_id": {
    "$oid": "62455580fa9ad4199cbfa6a7"
  },
  "title": "Chocolate_ Explosion Gift package By ChocoLuv",
  "price": 2,
  "description": "Chocolate_ Explosion Gift package By ChocoLuv",
  "image": "/files/1648711040558_269398.jpeg",
  "stock": 246,
  "category": {
    "_id": "6245321efa9ad4199cbfa681",
    "name": "Groceries & Pets"
  },
  "__v": 0
},{
  "_id": {
    "$oid": "6245568cfa9ad4199cbfa6a8"
  },
  "title": "Smartee Dairy Milk Chocolate Box 24 Pcs -216gm",
  "price": 1,
  "description": "Smartee Dairy Milk Chocolate Box 24 Pcs -216gm",
  "image": "/files/1648711308462_201395.jpeg",
  "stock": 346,
  "category": {
    "_id": "6245321efa9ad4199cbfa681",
    "name": "Groceries & Pets"
  },
  "__v": 0
},{
  "_id": {
    "$oid": "62468642acf5693c84a8bff4"
  },
  "title": "Pran Salt - 1 Kg",
  "price": 0.5,
  "description": "Pran Salt - 1 Kg",
  "image": "/files/1648789058450_328147.jpeg",
  "stock": 314,
  "category": {
    "_id": "6245321efa9ad4199cbfa681",
    "name": "Groceries & Pets"
  },
  "__v": 0
},{
  "_id": {
    "$oid": "624686a6acf5693c84a8bff5"
  },
  "title": "Radhuni Haleem Mix - 200gm",
  "price": 1,
  "description": "Radhuni Haleem Mix - 200gm",
  "image": "/files/1648789158241_376158.jpeg",
  "stock": 325,
  "category": {
    "_id": "6245321efa9ad4199cbfa681",
    "name": "Groceries & Pets"
  },
  "__v": 0
},{
  "_id": {
    "$oid": "62468724acf5693c84a8bff6"
  },
  "title": "Oillina Skin Care Olive Oil-100ml",
  "price": 132,
  "description": "Oillina Skin Care Olive Oil-100ml",
  "image": "/files/1648789284172_319029.jpeg",
  "stock": 326,
  "category": {
    "_id": "6245321efa9ad4199cbfa681",
    "name": "Groceries & Pets"
  },
  "__v": 0
},{
  "_id": {
    "$oid": "6246879dacf5693c84a8bff7"
  },
  "title": "Extra virgin olive oil-100ml",
  "price": 132,
  "description": "Extra virgin olive oil-100ml",
  "image": "/files/1648789405383_332561.jpeg",
  "stock": 125,
  "category": {
    "_id": "6245321efa9ad4199cbfa681",
    "name": "Groceries & Pets"
  },
  "__v": 0
},{
  "_id": {
    "$oid": "62468822acf5693c84a8bff8"
  },
  "title": "Mixed Dry Fruits 15 Items",
  "price": 155,
  "description": "Mixed Dry Fruits 15 Items",
  "image": "/files/1648789538633_217403.jpeg",
  "stock": 52,
  "category": {
    "_id": "6245321efa9ad4199cbfa681",
    "name": "Groceries & Pets"
  },
  "__v": 0
},{
  "_id": {
    "$oid": "62468893acf5693c84a8bff9"
  },
  "title": "Almond Nut - Kath Badam - 500gm (Rasak)",
  "price": 398,
  "description": "Almond Nut - Kath Badam - 500gm (Rasak)",
  "image": "/files/1648789651814_254513.jpeg",
  "stock": 132,
  "category": {
    "_id": "6245321efa9ad4199cbfa681",
    "name": "Groceries & Pets"
  },
  "__v": 0
},{
  "_id": {
    "$oid": "624689cbacf5693c84a8bffa"
  },
  "title": "Single Piece Hanging Basin Hand Towel 10×15 Inch",
  "price": 50,
  "description": "Single Piece Hanging Basin Hand Towel 10×15 Inch",
  "image": "/files/1648789963868_486357.jpeg",
  "stock": 159,
  "category": {
    "_id": "6245322ffa9ad4199cbfa682",
    "name": "Home & Lifestyle"
  },
  "__v": 0
},{
  "_id": {
    "$oid": "62468a72acf5693c84a8bffb"
  },
  "title": "The Angel Bear Tooth Brush Holder",
  "price": 104,
  "description": "The Angel Bear Tooth Brush Holder",
  "image": "/files/1648790130591_443182.jpeg",
  "stock": 169,
  "category": {
    "_id": "6245322ffa9ad4199cbfa682",
    "name": "Home & Lifestyle"
  },
  "__v": 0
},{
  "_id": {
    "$oid": "62468ae7acf5693c84a8bffc"
  },
  "title": "Leaf Shape Soap case, Bathroom soap holder, soap tray, basin soap case, basin soap holder, kitchen soap case, water removal soap holder, vacuum soap case, vacuum soap holder",
  "price": 64,
  "description": "Leaf Shape Soap case, Bathroom soap holder, soap tray, basin soap case, basin soap holder, kitchen soap case, water removal soap holder, vacuum soap case, vacuum soap holder",
  "image": "/files/1648790246857_318852.jpeg",
  "stock": 161,
  "category": {
    "_id": "6245322ffa9ad4199cbfa682",
    "name": "Home & Lifestyle"
  },
  "__v": 0
},{
  "_id": {
    "$oid": "62468b42acf5693c84a8bffd"
  },
  "title": "Toothbrush Box Holder Cup Bathroom Storage Toilet Two Removable Dental Appliances Toothbrush Box Seat Creative Bathroom Supplies",
  "price": 239,
  "description": "Toothbrush Box Holder Cup Bathroom Storage Toilet Two Removable Dental Appliances Toothbrush Box Seat Creative Bathroom Supplies",
  "image": "/files/1648790338024_314198.jpeg",
  "stock": 161,
  "category": {
    "_id": "6245322ffa9ad4199cbfa682",
    "name": "Home & Lifestyle"
  },
  "__v": 0
},{
  "_id": {
    "$oid": "62468bbeacf5693c84a8bffe"
  },
  "title": "Single Bed mosquito net Moshari Hostel moshari bachelor Moshari",
  "price": 150,
  "description": "Single Bed mosquito net Moshari Hostel moshari bachelor Moshari",
  "image": "/files/1648790462008_397635.jpeg",
  "stock": 120,
  "category": {
    "_id": "6245322ffa9ad4199cbfa682",
    "name": "Home & Lifestyle"
  },
  "__v": 0
},{
  "_id": {
    "$oid": "62468c20acf5693c84a8bfff"
  },
  "title": "Cotton Head Pillow Cover_Dark Grey_(18x24)_Set of 2",
  "price": 197,
  "description": "Cotton Head Pillow Cover_Dark Grey_(18x24)_Set of 2",
  "image": "/files/1648790560411_318798.jpeg",
  "stock": 120,
  "category": {
    "_id": "6245322ffa9ad4199cbfa682",
    "name": "Home & Lifestyle"
  },
  "__v": 0
},{
  "_id": {
    "$oid": "62468ca1acf5693c84a8c000"
  },
  "title": "Sit Right Back Chair Support - Black",
  "price": 167,
  "description": "Sit Right Back Chair Support - Black",
  "image": "/files/1648790689178_428668.jpeg",
  "stock": 130,
  "category": {
    "_id": "6245322ffa9ad4199cbfa682",
    "name": "Home & Lifestyle"
  },
  "__v": 0
},{
  "_id": {
    "$oid": "62468d20acf5693c84a8c001"
  },
  "title": "Home Folding Laptop Desk for Bed & Sofa Laptop Bed Tray Table Desk Portable Lap Desk for Study and Reading Bed Top Tray Table",
  "price": 684,
  "description": "Home Folding Laptop Desk for Bed & Sofa Laptop Bed Tray Table Desk Portable Lap Desk for Study and Reading Bed Top Tray Table",
  "image": "/files/1648790816720_281882.jpeg",
  "stock": 15,
  "category": {
    "_id": "6245322ffa9ad4199cbfa682",
    "name": "Home & Lifestyle"
  },
  "__v": 0
},{
  "_id": {
    "$oid": "62468d83acf5693c84a8c002"
  },
  "title": "Smart Led Remote Control Bluetooth Speaker Music Bulb - AC 220V",
  "price": 252,
  "description": "Smart Led Remote Control Bluetooth Speaker Music Bulb - AC 220V",
  "image": "/files/1648790915845_263698.jpeg",
  "stock": 15,
  "category": {
    "_id": "6245322ffa9ad4199cbfa682",
    "name": "Home & Lifestyle"
  },
  "__v": 0
},{
  "_id": {
    "$oid": "62468dd0acf5693c84a8c003"
  },
  "title": "LED Mushroom Dim Light 0.3 Watt",
  "price": 78,
  "description": "LED Mushroom Dim Light 0.3 Watt",
  "image": "/files/1648790992509_221541.jpeg",
  "stock": 26,
  "category": {
    "_id": "6245322ffa9ad4199cbfa682",
    "name": "Home & Lifestyle"
  },
  "__v": 0
},{
  "_id": {
    "$oid": "6246dc62acf5693c84a8c004"
  },
  "title": "Long Sleeve Ladies Sweater With Button",
  "price": 581,
  "description": "Long Sleeve Ladies Sweater With Button",
  "image": "/files/1648811106845_309899.jpeg",
  "stock": 26,
  "category": {
    "_id": "6245323dfa9ad4199cbfa683",
    "name": "Women's Fashion "
  },
  "__v": 0
},{
  "_id": {
    "$oid": "6246dcc9acf5693c84a8c005"
  },
  "title": "Women’s High neck sweater (black)",
  "price": 199,
  "description": "Women’s High neck sweater (black)",
  "image": "/files/1648811209126_303873.jpeg",
  "stock": 23,
  "category": {
    "_id": "6245323dfa9ad4199cbfa683",
    "name": "Women's Fashion "
  },
  "__v": 0
},{
  "_id": {
    "$oid": "6246dd32acf5693c84a8c006"
  },
  "title": "Waterproof Credit Card Holder",
  "price": 110,
  "description": "Waterproof Credit Card Holder",
  "image": "/files/1648811314064_397380.jpeg",
  "stock": 55,
  "category": {
    "_id": "6245323dfa9ad4199cbfa683",
    "name": "Women's Fashion "
  },
  "__v": 0
},{
  "_id": {
    "$oid": "6246de08acf5693c84a8c007"
  },
  "title": "High Quality Ladies Leather Hand Parts Bag Medium Size & Wallet, Hand purse Mobile purse Party bag for women",
  "price": 95,
  "description": "High Quality Ladies Leather Hand Parts Bag Medium Size & Wallet, Hand purse Mobile purse Party bag for women",
  "image": "/files/1648811528031_444968.jpeg",
  "stock": 62,
  "category": {
    "_id": "6245323dfa9ad4199cbfa683",
    "name": "Women's Fashion "
  },
  "__v": 0
},{
  "_id": {
    "$oid": "624701e8acf5693c84a8c008"
  },
  "title": "Yellow Color Cushion Cotton Unstitched Screen Print Exclusive, Stylist, Fashionable Three Pics For Woman.",
  "price": 460,
  "description": "Yellow Color Cushion Cotton Unstitched Screen Print Exclusive, Stylist, Fashionable Three Pics For Woman.",
  "image": "/files/1648820712307_269971.jpeg",
  "stock": 51,
  "category": {
    "_id": "6245323dfa9ad4199cbfa683",
    "name": "Women's Fashion "
  },
  "__v": 0
},{
  "_id": {
    "$oid": "62470248acf5693c84a8c009"
  },
  "title": "New Gorgeous Unstitched Cotton Screen Printed Salwar Kameez for Women ( 3 piece )",
  "price": 495,
  "description": "New Gorgeous Unstitched Cotton Screen Printed Salwar Kameez for Women ( 3 piece )",
  "image": "/files/1648820808086_295363.jpeg",
  "stock": 36,
  "category": {
    "_id": "6245323dfa9ad4199cbfa683",
    "name": "Women's Fashion "
  },
  "__v": 0
},{
  "_id": {
    "$oid": "624702a6acf5693c84a8c00a"
  },
  "title": "Jhorna Soft Cotton Sharee for Women",
  "price": 382,
  "description": "Jhorna Soft Cotton Sharee for Women",
  "image": "/files/1648820902261_374856.jpeg",
  "stock": 39,
  "category": {
    "_id": "6245323dfa9ad4199cbfa683",
    "name": "Women's Fashion "
  },
  "__v": 0
},{
  "_id": {
    "$oid": "62470319acf5693c84a8c00b"
  },
  "title": "Rain coat with trousers",
  "price": 735,
  "description": "Rain coat with trousers",
  "image": "/files/1648821017414_414999.jpeg",
  "stock": 19,
  "category": {
    "_id": "6245323dfa9ad4199cbfa683",
    "name": "Women's Fashion "
  },
  "__v": 0
},{
  "_id": {
    "$oid": "6247039dacf5693c84a8c00c"
  },
  "title": "1Pair (Black Color) Soft High Heels Half Yard Mat Arch Only Eat Orthopedic Insert Insole Foot Forefoot Protection Pad Women",
  "price": 99,
  "description": "1Pair (Black Color) Soft High Heels Half Yard Mat Arch Only Eat Orthopedic Insert Insole Foot Forefoot Protection Pad Women",
  "image": "/files/1648821149563_470009.jpeg",
  "stock": 20,
  "category": {
    "_id": "6245323dfa9ad4199cbfa683",
    "name": "Women's Fashion "
  },
  "__v": 0
},{
  "_id": {
    "$oid": "624703faacf5693c84a8c00d"
  },
  "title": "Anti slip Soft Foam back Heel Grip Butterfly Shape Insert Heel Cushion Pad-- 1 Pcaket",
  "price": 79,
  "description": "Anti slip Soft Foam back Heel Grip Butterfly Shape Insert Heel Cushion Pad-- 1 Pcaket",
  "image": "/files/1648821242785_381290.jpeg",
  "stock": 20,
  "category": {
    "_id": "6245323dfa9ad4199cbfa683",
    "name": "Women's Fashion "
  },
  "__v": 0
},{
  "_id": {
    "$oid": "624704edacf5693c84a8c00e"
  },
  "title": "Cotton Full Sleeve Jacket for Men",
  "price": 348,
  "description": "Cotton Full Sleeve Jacket for Men",
  "image": "/files/1648821485178_318205.jpeg",
  "stock": 36,
  "category": {
    "_id": "6245324cfa9ad4199cbfa684",
    "name": "Men's Fashion"
  },
  "__v": 0
},{
  "_id": {
    "$oid": "62470547acf5693c84a8c00f"
  },
  "title": "Rain Coats for Men Waterproof Jacket and Pant with Bag blue",
  "price": 473,
  "description": "Rain Coats for Men Waterproof Jacket and Pant with Bag blue",
  "image": "/files/1648821575362_361565.jpeg",
  "stock": 369,
  "category": {
    "_id": "6245324cfa9ad4199cbfa684",
    "name": "Men's Fashion"
  },
  "__v": 0
},{
  "_id": {
    "$oid": "624705b0acf5693c84a8c010"
  },
  "title": "Full sleeve t-shirts for men",
  "price": 190,
  "description": "Full sleeve t-shirts for men",
  "image": "/files/1648821680234_464683.jpeg",
  "stock": 251,
  "category": {
    "_id": "6245324cfa9ad4199cbfa684",
    "name": "Men's Fashion"
  },
  "__v": 0
},{
  "_id": {
    "$oid": "62470613acf5693c84a8c011"
  },
  "title": "Long Sleeve Casual Shirt for Man",
  "price": 361,
  "description": "Long Sleeve Casual Shirt for Man",
  "image": "/files/1648821779496_394380.jpeg",
  "stock": 36,
  "category": {
    "_id": "6245324cfa9ad4199cbfa684",
    "name": "Men's Fashion"
  },
  "__v": 0
},{
  "_id": {
    "$oid": "62470667acf5693c84a8c012"
  },
  "title": "New Style Trendy Cotton Oxford Long Sleeve Formal Shirt For Men",
  "price": 204,
  "description": "New Style Trendy Cotton Oxford Long Sleeve Formal Shirt For Men",
  "image": "/files/1648821863460_398712.jpeg",
  "stock": 36,
  "category": {
    "_id": "6245324cfa9ad4199cbfa684",
    "name": "Men's Fashion"
  },
  "__v": 0
},{
  "_id": {
    "$oid": "624706bfacf5693c84a8c013"
  },
  "title": "Fashion trend casual T-shirt for New Season classic simple small icon printing men and women couples loose round neck short sleeves",
  "price": 74,
  "description": "Fashion trend casual T-shirt for New Season classic simple small icon printing men and women couples loose round neck short sleeves",
  "image": "/files/1648821951455_343873.jpeg",
  "stock": 125,
  "category": {
    "_id": "6245324cfa9ad4199cbfa684",
    "name": "Men's Fashion"
  },
  "__v": 0
},{
  "_id": {
    "$oid": "62470713acf5693c84a8c014"
  },
  "title": "Peace Islam White Full Sleeve T-Shirt for Men",
  "price": 96,
  "description": "Peace Islam White Full Sleeve T-Shirt for Men",
  "image": "/files/1648822035410_257568.jpeg",
  "stock": 32,
  "category": {
    "_id": "6245324cfa9ad4199cbfa684",
    "name": "Men's Fashion"
  },
  "__v": 0
},{
  "_id": {
    "$oid": "62470770acf5693c84a8c015"
  },
  "title": "Taiwan Cvc T Shirt for Men",
  "price": 82,
  "description": "Taiwan Cvc T Shirt for Men",
  "image": "/files/1648822128936_446700.jpeg",
  "stock": 345,
  "category": {
    "_id": "6245324cfa9ad4199cbfa684",
    "name": "Men's Fashion"
  },
  "__v": 0
},{
  "_id": {
    "$oid": "624707b8acf5693c84a8c016"
  },
  "title": "Men's Fashion - Black ,White And Red Color Combination Cotton Long Sleeve Hoodie",
  "price": 187,
  "description": "Men's Fashion - Black ,White And Red Color Combination Cotton Long Sleeve Hoodie",
  "image": "/files/1648822200864_250265.jpeg",
  "stock": 345,
  "category": {
    "_id": "6245324cfa9ad4199cbfa684",
    "name": "Men's Fashion"
  },
  "__v": 0
},{
  "_id": {
    "$oid": "6247080cacf5693c84a8c017"
  },
  "title": "Cotton Sleeveless Hoodie for Men - Black",
  "price": 183,
  "description": "Cotton Sleeveless Hoodie for Men - Black",
  "image": "/files/1648822284921_376112.jpeg",
  "stock": 345,
  "category": {
    "_id": "6245324cfa9ad4199cbfa684",
    "name": "Men's Fashion"
  },
  "__v": 0
},{
  "_id": {
    "$oid": "62470937acf5693c84a8c018"
  },
  "title": "Decathlon FJR 100 Skipping Rope Adjustable Length 3 meter - Black",
  "price": 149,
  "description": "Decathlon FJR 100 Skipping Rope Adjustable Length 3 meter - Black",
  "image": "/files/1648822583149_484250.jpeg",
  "stock": 32,
  "category": {
    "_id": "62453259fa9ad4199cbfa685",
    "name": "Sports & Outdoor"
  },
  "__v": 0
},{
  "_id": {
    "$oid": "624709b7acf5693c84a8c019"
  },
  "title": "Stainless Steel and Plastic Tummy Trimmer Double Spring",
  "price": 382,
  "description": "Stainless Steel and Plastic Tummy Trimmer Double Spring",
  "image": "/files/1648822711539_451786.jpeg",
  "stock": 32,
  "category": {
    "_id": "62453259fa9ad4199cbfa685",
    "name": "Sports & Outdoor"
  },
  "__v": 0
},{
  "_id": {
    "$oid": "62470a1cacf5693c84a8c01a"
  },
  "title": "5710Ca Motorized Treadmill – Dc 2 Chp / 3 Hp Peak - Grey",
  "price": 44900,
  "description": "5710Ca Motorized Treadmill – Dc 2 Chp / 3 Hp Peak - Grey",
  "image": "/files/1648822812728_276326.jpeg",
  "stock": 32,
  "category": {
    "_id": "62453259fa9ad4199cbfa685",
    "name": "Sports & Outdoor"
  },
  "__v": 0
},{
  "_id": {
    "$oid": "62470a70acf5693c84a8c01b"
  },
  "title": "Housefit T20 Smart Motorized Treadmill 2.HP(Installation Free)",
  "price": 32960,
  "description": "Housefit T20 Smart Motorized Treadmill 2.HP(Installation Free)",
  "image": "/files/1648822896125_225012.jpeg",
  "stock": 23,
  "category": {
    "_id": "62453259fa9ad4199cbfa685",
    "name": "Sports & Outdoor"
  },
  "__v": 0
},{
  "_id": {
    "$oid": "62470aeeacf5693c84a8c01c"
  },
  "title": "Multipurpose Magic Silicone Hand Gloves With Box",
  "price": 210,
  "description": "Multipurpose Magic Silicone Hand Gloves With Box",
  "image": "/files/1648823022119_432860.jpeg",
  "stock": 24,
  "category": {
    "_id": "62453259fa9ad4199cbfa685",
    "name": "Sports & Outdoor"
  },
  "__v": 0
},{
  "_id": {
    "$oid": "62470b3facf5693c84a8c01d"
  },
  "title": "Orange And Black Rubber Lastex hand Gloves",
  "price": 123,
  "description": "Orange And Black Rubber Lastex hand Gloves",
  "image": "/files/1648823103365_403485.jpeg",
  "stock": 24,
  "category": {
    "_id": "62453259fa9ad4199cbfa685",
    "name": "Sports & Outdoor"
  },
  "__v": 0
},{
  "_id": {
    "$oid": "62470b87acf5693c84a8c01e"
  },
  "title": "Soft Bicycle Seat Cover - Black",
  "price": 99,
  "description": "Soft Bicycle Seat Cover - Black",
  "image": "/files/1648823175256_379500.jpeg",
  "stock": 24,
  "category": {
    "_id": "62453259fa9ad4199cbfa685",
    "name": "Sports & Outdoor"
  },
  "__v": 0
},{
  "_id": {
    "$oid": "62470c9facf5693c84a8c01f"
  },
  "title": "Fork Cover for cycle",
  "price": 51,
  "description": "Fork Cover for cycle",
  "image": "/files/1648823455139_467640.jpeg",
  "stock": 24,
  "category": {
    "_id": "62453259fa9ad4199cbfa685",
    "name": "Sports & Outdoor"
  },
  "__v": 0
},{
  "_id": {
    "$oid": "62470dcaacf5693c84a8c020"
  },
  "title": "5 kg Black iron and 2 Pis 11 Inch Burble Stick",
  "price": 831,
  "description": "5 kg Black iron and 2 Pis 11 Inch Burble Stick",
  "image": "/files/1648823754665_279948.jpeg",
  "stock": 24,
  "category": {
    "_id": "62453259fa9ad4199cbfa685",
    "name": "Sports & Outdoor"
  },
  "__v": 0
},{
  "_id": {
    "$oid": "62470e4cacf5693c84a8c021"
  },
  "title": "1kg Dumbbell - Navy Blue Combo pack",
  "price": 192,
  "description": "1kg Dumbbell - Navy Blue Combo pack",
  "image": "/files/1648823883897_354007.jpeg",
  "stock": 24,
  "category": {
    "_id": "62453259fa9ad4199cbfa685",
    "name": "Sports & Outdoor"
  },
  "__v": 0
}]