[{
  "_id": {
    "$oid": "624530e0fa9ad4199cbfa67e"
  },
  "name": "Watches & Accessories",
  "description": "Watches & Accessories",
  "image": "",
  "__v": 0
},{
  "_id": {
    "$oid": "624531e6fa9ad4199cbfa67f"
  },
  "name": "Electronic Devices",
  "description": "Electronic Devices",
  "image": "",
  "__v": 0
},{
  "_id": {
    "$oid": "624531fdfa9ad4199cbfa680"
  },
  "name": "Babies & Toyes",
  "description": "Babies & Toyes",
  "image": "",
  "__v": 0
},{
  "_id": {
    "$oid": "6245321efa9ad4199cbfa681"
  },
  "name": "Groceries & Pets",
  "description": "Groceries & Pets",
  "image": "",
  "__v": 0
},{
  "_id": {
    "$oid": "6245322ffa9ad4199cbfa682"
  },
  "name": "Home & Lifestyle",
  "description": "Home & Lifestyle",
  "image": "",
  "__v": 0
},{
  "_id": {
    "$oid": "6245323dfa9ad4199cbfa683"
  },
  "name": "Women's Fashion ",
  "description": "Women's Fashion",
  "image": "",
  "__v": 0
},{
  "_id": {
    "$oid": "6245324cfa9ad4199cbfa684"
  },
  "name": "Men's Fashion",
  "description": "Men's Fashion",
  "image": "",
  "__v": 0
},{
  "_id": {
    "$oid": "62453259fa9ad4199cbfa685"
  },
  "name": "Sports & Outdoor",
  "description": "Sports & Outdoor",
  "image": "",
  "__v": 0
},{
  "_id": {
    "$oid": "62453265fa9ad4199cbfa686"
  },
  "name": "Automotive & Motorbike",
  "description": "Automotive & Motorbike",
  "image": "",
  "__v": 0
}]